epoch,train_loss,train_accuracy,train_precision_macro,train_recall_macro,train_f1_macro,train_f1_micro,val_loss,val_accuracy,val_precision_macro,val_recall_macro,val_f1_macro,val_f1_micro
1,0.35709775435372265,0.830354181255298,0.7849146490552563,0.7289542405558576,0.7492682374463691,0.830354181255298,0.3214592725987563,0.8492923485183547,0.8049029061865897,0.7745935970842064,0.7876410387045285,0.8492923485183547
2,0.3214814213915939,0.8515460877897763,0.8126713819493308,0.7689634613731184,0.7866431396463884,0.8515460877897763,0.318131093698653,0.8528306059265811,0.8086799660441426,0.7827805907347357,0.7942085930273164,0.8528306059265811
3,0.31539149497865737,0.8547525153871669,0.815818181073781,0.7765285462804148,0.7928301635053012,0.8547525153871669,0.32151131013598605,0.8487394957983193,0.8186335466152747,0.7495391925878829,0.7741259236101785,0.8487394957983193
4,0.31240512926091807,0.8577378100468065,0.8215968065696333,0.7784632129101643,0.7961127372767786,0.8577378100468065,0.31740008139046144,0.8500663423264042,0.8108575297921147,0.7659813966369012,0.783991286705314,0.8500663423264042
5,0.31016216811108605,0.8563004459514245,0.8195615146718567,0.7762116248602852,0.7938970562976044,0.8563004459514245,0.31782885645802494,0.8513931888544891,0.8093821210686747,0.7744938628868292,0.7892155597858794,0.8513931888544891
6,0.309206183976299,0.8595805845280654,0.8240560022268831,0.781582494072592,0.7990569325755087,0.8595805845280654,0.31838582231375245,0.8513931888544891,0.8267208001484816,0.7490588548520113,0.7757786545585912,0.8513931888544891
7,0.3072222897018381,0.8587329082666864,0.8226734532333939,0.7805703463471574,0.7979023778456764,0.8587329082666864,0.31647973675371427,0.8521671826625387,0.8183841412117411,0.7621412200814626,0.7835939820302777,0.8521671826625387
8,0.303148824343595,0.8607968156856964,0.8260097390263685,0.7830888899899304,0.8007396986907516,0.8607968156856964,0.3175730642585404,0.8513931888544891,0.8089549420526688,0.775391569052764,0.7896450667535004,0.8513931888544891
9,0.302101375835194,0.8599859949139425,0.8251249581606724,0.7814033530112107,0.7992998171749865,0.8599859949139425,0.31826536542596356,0.8503980539584255,0.8093170177086612,0.7702415653434782,0.7863791185065134,0.8503980539584255
10,0.3006012452990712,0.8625290236980798,0.8290810963381634,0.7847887409121578,0.8029336192166074,0.8625290236980798,0.31681773756547926,0.8523883237505528,0.820344355967479,0.7601935663341953,0.7827264139305709,0.8523883237505528
11,0.2999105000673409,0.862565879187705,0.8285225197374324,0.7858102260357116,0.8034313339647958,0.862565879187705,0.3224835676173624,0.8505086245024326,0.8022833917394259,0.7882691856487967,0.7948097927284044,0.8505086245024326
12,0.2961690687968043,0.8642980872000885,0.8308912433902347,0.7886067603782465,0.8061217418696218,0.8642980872000885,0.3222242285592637,0.8507297655904467,0.8157905049410359,0.7605872884780667,0.7816886222534061,0.8507297655904467
13,0.29593862071718463,0.8649246305237165,0.8313976026236061,0.7901697963769584,0.8073388858784393,0.8649246305237165,0.3203794073209674,0.8495134896063689,0.8089690432553156,0.767110088647008,0.784143308027877,0.8495134896063689
14,0.2936862044474916,0.8659565842332215,0.8338471142904464,0.7902077616620933,0.8082144231895407,0.8659565842332215,0.3200170093474268,0.8508403361344538,0.8124590630170987,0.7663462578489435,0.7847647339897641,0.8508403361344538
15,0.29163964716006746,0.8672096708804776,0.833247053171591,0.7958761452247751,0.811741016441036,0.8672096708804776,0.32043522525181656,0.8513931888544891,0.8150119662810018,0.764319859672902,0.7841452011193708,0.8513931888544891
16,0.2915102639762607,0.8675782257767295,0.8359180918060984,0.7930304939093787,0.8108190115301901,0.8675782257767295,0.32387372482302756,0.8494029190623618,0.8092401015652062,0.7661388854944498,0.783568664692031,0.8494029190623618
17,0.2897959207783744,0.8677993587144806,0.8361593359419182,0.7934765905636538,0.8112002547559005,0.8677993587144806,0.3257626262532563,0.8491817779743477,0.8084940994749397,0.7665903622984924,0.7836297300503747,0.8491817779743477
18,0.28779577195778383,0.8676519367559798,0.8356394618716099,0.7937275345042909,0.8111854881809066,0.8676519367559798,0.3276015015987104,0.8503980539584255,0.8099411148107042,0.7690446237888986,0.7857856769638951,0.8503980539584255
19,0.2867699018471039,0.8682784800796078,0.8371109117172508,0.7937950931116742,0.8117433827973215,0.8682784800796078,0.32465446528503716,0.8507297655904467,0.8141388404095429,0.7631307892815484,0.7830258985621641,0.8507297655904467
20,0.2839839338269942,0.8701212545608669,0.8398105792083155,0.7964657310567035,0.8144627462456765,0.8701212545608669,0.32967834089615344,0.849734630694383,0.8147225878107409,0.7584296386552302,0.7797921677272299,0.849734630694383
21,0.2851456474478903,0.8694947112372388,0.8395457476529176,0.794603599579726,0.8131252074073821,0.8694947112372388,0.3278057349171063,0.8495134896063689,0.8101169392065339,0.7650154409264935,0.7830800911837044,0.8495134896063689
22,0.2809532524260182,0.8710426418014964,0.8403992980413082,0.7989226580727145,0.8162972739712551,0.8710426418014964,0.3290295447595665,0.8516143299425033,0.8110672227223457,0.7720973560565945,0.7882256657822326,0.8516143299425033
23,0.2810068717659216,0.8713374857184978,0.8413891523763752,0.7985204686841956,0.8163801103368602,0.8713374857184978,0.32904276734218824,0.8515037593984962,0.8102486938759945,0.7732208006245506,0.7886870853661347,0.8515037593984962
24,0.28070128951462664,0.8719271735525006,0.8405006886240787,0.8020031250956328,0.8183466404554984,0.8719271735525006,0.3293032420651673,0.8484077841662981,0.8062615168762027,0.7675720603353522,0.7835371555598152,0.8484077841662981
25,0.2785852646722693,0.8717060406147495,0.84229844516912,0.7985162244123232,0.8166949611514795,0.8717060406147495,0.3367384176426153,0.8489606368863335,0.811861868421788,0.7598601897750572,0.7799797114292757,0.8489606368863335
26,0.2753803333441182,0.8748387572328898,0.8468832280470259,0.8030413541449595,0.8213049221719471,0.8748387572328898,0.33424188432599633,0.8490712074303406,0.808362188365651,0.7663672476175465,0.7834332789594743,0.8490712074303406
27,0.2769935838066727,0.8728117053035049,0.8422306334348821,0.8025911297996704,0.8193548527370309,0.8728117053035049,0.33278472701146083,0.8507297655904467,0.8116428679740915,0.7673200847225772,0.7851740650653694,0.8507297655904467
28,0.2748079240054109,0.873217115689382,0.8433635453126569,0.8023621394919115,0.819611850666772,0.873217115689382,0.3365023230910565,0.8498452012383901,0.8087364588050658,0.7689763742444258,0.7853297371755088,0.8498452012383901
29,0.2744893820522696,0.8735856705856337,0.8429591994688528,0.804302015828766,0.8207295202974776,0.8735856705856337,0.3394666655777514,0.8490712074303406,0.8130457423239728,0.7584375098184563,0.7793030770078706,0.8490712074303406
30,0.2742519777203504,0.8750598901706409,0.8480555140003794,0.8021913703934167,0.8211460011167477,0.8750598901706409,0.33600269385219306,0.8491817779743477,0.8152068986849654,0.755668270612953,0.7778837622005323,0.8491817779743477
31,0.2725782505718926,0.8748387572328898,0.8479344021855908,0.8015957260000087,0.8207047486918466,0.8748387572328898,0.3430950585217246,0.852609464838567,0.8196296535778729,0.7619863549449895,0.7838471459729208,0.852609464838567
32,0.2728642026480838,0.8736225260752589,0.8437614801817483,0.80322983260446,0.8203221563305589,0.8736225260752589,0.3391825502581008,0.8500663423264042,0.8115442898470864,0.7647844550823215,0.7833795872271849,0.8500663423264042
33,0.27118058048659066,0.8755021560461431,0.8453253663846589,0.8076696943687074,0.8237670680569997,0.8755021560461431,0.3440796705156446,0.849624060150376,0.815832381516244,0.7564111116424146,0.7786168129722588,0.849624060150376
34,0.27008109589311596,0.8742490693988869,0.8455215139761781,0.8028985972408225,0.8207312578994954,0.8742490693988869,0.34164455604864297,0.8494029190623618,0.812014180375117,0.7613511192761311,0.7810972398827166,0.8494029190623618
35,0.27116418973210593,0.8749124682121402,0.8460142935246576,0.8045359826819135,0.8219833023776737,0.8749124682121402,0.3438316251207695,0.8487394957983193,0.810144547466,0.7618078435223246,0.7808399869767264,0.8487394957983193
36,0.27017122219100315,0.8757232889838942,0.8473194595366667,0.8055236302113465,0.8230967304953153,0.8757232889838942,0.3409077379752028,0.8495134896063689,0.8133737918882535,0.7596292039308852,0.7802691552378862,0.8495134896063689
37,0.2684905198289261,0.8763498323075222,0.8468845798486313,0.8083827466158763,0.824798517857201,0.8763498323075222,0.3513289835734053,0.8521671826625387,0.8156372901425128,0.7663305155224914,0.7857681215914665,0.8521671826625387
38,0.2674087146874776,0.8735488150960086,0.8435153295093829,0.8033303799515898,0.8202993919145787,0.8735488150960086,0.3437156299477602,0.8487394957983193,0.8163144530744523,0.7525315464743322,0.7758212999510119,0.8487394957983193
39,0.26535108630904025,0.8774554969962776,0.8501924875332154,0.8075225766118397,0.8254325338537933,0.8774554969962776,0.35044533310870796,0.8500663423264042,0.8182041994149851,0.7547600695627168,0.7780365732773038,0.8500663423264042
40,0.2652315405870439,0.8762761213282718,0.8483207336248018,0.806040680890503,0.823792882428823,0.8762761213282718,0.3526296945126486,0.8478549314462627,0.8083940174356072,0.7612198676293361,0.7798721672870095,0.8478549314462627
41,0.2663088879521824,0.8769026646518999,0.8478367658501391,0.8089496465414103,0.8255126193594449,0.8769026646518999,0.3494701724712008,0.8474126492702344,0.8138669900950071,0.7510511118575598,0.7740237138291319,0.8474126492702344
42,0.2638863974623581,0.8785980171746581,0.8505002170998353,0.8110736404850347,0.8278571610830786,0.8785980171746581,0.34608336233924,0.8473020787262273,0.8108467334433486,0.7550172926176426,0.7761455751576756,0.8473020787262273
43,0.26329631971637646,0.8773080750377769,0.8479933346593056,0.8101662843786022,0.8263528844889556,0.8773080750377769,0.35806908595883596,0.8477443609022557,0.812573098471548,0.754114339009557,0.7759734051810787,0.8477443609022557
44,0.2647676965318489,0.8787454391331588,0.8514252215296364,0.8102743548342439,0.8276745217564647,0.8787454391331588,0.3486512003681503,0.849624060150376,0.8095032699717526,0.7665851148563417,0.783962198864856,0.849624060150376
45,0.26098347765637636,0.8810673349795453,0.8549337352186229,0.8134130430664264,0.8309840098246415,0.8810673349795453,0.3538641505394821,0.8449800973020787,0.8045059621314422,0.7561669743963523,0.7750718563762277,0.8449800973020787
46,0.2640559237593288,0.8793351269671618,0.8518595239973217,0.8117131921441989,0.828766252812747,0.8793351269671618,0.35494230021316886,0.8466386554621849,0.8100541563768588,0.7536786045319666,0.7749260217181191,0.8466386554621849
47,0.26034687112765453,0.8788191501124093,0.8515371813339994,0.8103732044726246,0.827779278886096,0.8788191501124093,0.3703089206092709,0.8452012383900929,0.8142187068886232,0.7426987581862557,0.7676039767369041,0.8452012383900929
48,0.2616060228199146,0.8786348726642833,0.8523591553912423,0.8086056783621556,0.8269140167198727,0.8786348726642833,0.3637730532096372,0.8460858027421495,0.8067025302890523,0.7569019442625877,0.7762755931840981,0.8460858027421495
49,0.26033316948000595,0.8790034275605352,0.8523744070306982,0.8098476652497235,0.8277363073832739,0.8790034275605352,0.3593238113478505,0.8487394957983193,0.8089437964428549,0.7639024912428389,0.7819259384600741,0.8487394957983193
50,0.2586781452214446,0.8797773928426639,0.8515541445375838,0.8137020688730565,0.8299342058591492,0.8797773928426639,0.361909070686132,0.8476337903582486,0.8127503600117172,0.7534423712456437,0.7755211187134421,0.8476337903582486
